{"cameraMode":{"drawMode":0,"name":"Shaded","section":"Shading Mode"},"sceneLighting":false,"audioPlay":false,"sceneViewState":{"showFog":true,"showMaterialUpdate":true,"showSkybox":true,"showFlares":true,"showImageEffects":true,"showParticleSystems":true},"in2DMode":false,"pivot":{"x":-0.013197928667068482,"y":-0.5029741525650024,"z":0.42668068408966067},"rotation":{"x":0.04016758129000664,"y":0.952890157699585,"z":-0.14547783136367799,"w":0.2631029486656189},"size":2.0703442096710207,"orthographic":false}