{"cameraMode":{"drawMode":0,"name":"Shaded","section":"Shading Mode"},"sceneLighting":true,"audioPlay":false,"sceneViewState":{"showFog":true,"showMaterialUpdate":true,"showSkybox":true,"showFlares":true,"showImageEffects":true,"showParticleSystems":true},"in2DMode":false,"pivot":{"x":17.291921615600587,"y":1.899999976158142,"z":-15.517709732055664},"rotation":{"x":0.030628016218543054,"y":0.9667371511459351,"z":-0.21212464570999146,"w":0.13958653807640077},"size":3.477022647857666,"orthographic":false}