{"cameraMode":{"drawMode":0,"name":"Shaded","section":"Shading Mode"},"sceneLighting":false,"audioPlay":false,"sceneViewState":{"showFog":true,"showMaterialUpdate":true,"showSkybox":true,"showFlares":true,"showImageEffects":true,"showParticleSystems":true},"in2DMode":false,"pivot":{"x":17.29825782775879,"y":1.5066413879394532,"z":-15.495284080505371},"rotation":{"x":0.053890958428382876,"y":0.9432300329208374,"z":-0.1907116025686264,"w":0.2665369510650635},"size":1.6587821245193482,"orthographic":false}