{"cameraMode":{"drawMode":0,"name":"Shaded","section":"Shading Mode"},"sceneLighting":true,"audioPlay":false,"sceneViewState":{"showFog":true,"showMaterialUpdate":false,"showSkybox":true,"showFlares":false,"showImageEffects":true,"showParticleSystems":true},"in2DMode":false,"pivot":{"x":19.20427894592285,"y":11.928837776184082,"z":-56.34000015258789},"rotation":{"x":0.002070334507152438,"y":-0.7805233001708984,"z":0.002582321874797344,"w":0.625123918056488},"size":10.0,"orthographic":false}