{"cameraMode":{"drawMode":0,"name":"Shaded","section":"Shading Mode"},"sceneLighting":true,"audioPlay":false,"sceneViewState":{"showFog":true,"showMaterialUpdate":false,"showSkybox":true,"showFlares":false,"showImageEffects":true,"showParticleSystems":true},"in2DMode":false,"pivot":{"x":19.43094825744629,"y":12.027122497558594,"z":-56.08916473388672},"rotation":{"x":-0.03456460312008858,"y":-0.9073226451873779,"z":-0.07611224055290222,"w":0.41205233335494997},"size":3.6247446537017824,"orthographic":false}