{"cameraMode":{"drawMode":0,"name":"Shaded","section":"Shading Mode"},"sceneLighting":true,"audioPlay":false,"sceneViewState":{"showFog":true,"showMaterialUpdate":false,"showSkybox":true,"showFlares":false,"showImageEffects":true,"showParticleSystems":true},"in2DMode":false,"pivot":{"x":19.20427894592285,"y":11.928837776184082,"z":-56.34000015258789},"rotation":{"x":0.10822804272174835,"y":-0.429143488407135,"z":0.05188022553920746,"w":0.8952311873435974},"size":36.88169860839844,"orthographic":false}