{"cameraMode":{"drawMode":0,"name":"Shaded","section":"Shading Mode"},"sceneLighting":true,"audioPlay":false,"sceneViewState":{"showFog":true,"showMaterialUpdate":false,"showSkybox":true,"showFlares":false,"showImageEffects":true,"showParticleSystems":true},"in2DMode":false,"pivot":{"x":-8.802366256713868,"y":37.57549285888672,"z":-51.596744537353519},"rotation":{"x":-0.17407876253128053,"y":-0.7126506567001343,"z":0.1573425531387329,"w":-0.6629247069358826},"size":34.86854553222656,"orthographic":false}