{"cameraMode":{"drawMode":0,"name":"Shaded","section":"Shading Mode"},"sceneLighting":true,"audioPlay":false,"sceneViewState":{"showFog":true,"showMaterialUpdate":false,"showSkybox":false,"showFlares":false,"showImageEffects":true,"showParticleSystems":true},"in2DMode":false,"pivot":{"x":108.12899780273438,"y":15.134499549865723,"z":-134.02450561523438},"rotation":{"x":-0.09532764554023743,"y":0.36603081226348879,"z":-0.053127139806747439,"w":-0.9253496527671814},"size":6.09212589263916,"orthographic":false}