{"cameraMode":{"drawMode":0,"name":"Shaded","section":"Shading Mode"},"sceneLighting":false,"audioPlay":false,"sceneViewState":{"showFog":true,"showMaterialUpdate":false,"showSkybox":false,"showFlares":false,"showImageEffects":true,"showParticleSystems":true},"in2DMode":false,"pivot":{"x":16.905750274658204,"y":1.8355352878570557,"z":-15.54562759399414},"rotation":{"x":-0.0008828662103042007,"y":-0.6772457361221314,"z":-0.0007980662048794329,"w":0.7357690334320068},"size":2.971724033355713,"orthographic":false}