{"cameraMode":{"drawMode":0,"name":"Shaded","section":"Shading Mode"},"sceneLighting":false,"audioPlay":false,"sceneViewState":{"showFog":true,"showMaterialUpdate":false,"showSkybox":false,"showFlares":false,"showImageEffects":true,"showParticleSystems":true},"in2DMode":false,"pivot":{"x":17.291921615600587,"y":1.899999976158142,"z":-15.517709732055664},"rotation":{"x":0.01927049644291401,"y":0.9795976281166077,"z":-0.11544472724199295,"w":0.16341771185398103},"size":1.1445523500442505,"orthographic":false}