{"cameraMode":{"drawMode":0,"name":"Shaded","section":"Shading Mode"},"sceneLighting":true,"audioPlay":false,"sceneViewState":{"showFog":true,"showMaterialUpdate":false,"showSkybox":true,"showFlares":false,"showImageEffects":true,"showParticleSystems":true},"in2DMode":false,"pivot":{"x":135.538818359375,"y":-3.9515671730041506,"z":-129.63116455078126},"rotation":{"x":-0.14873939752578736,"y":-0.695930004119873,"z":0.11755050718784332,"w":-0.6943082809448242},"size":13.810699462890625,"orthographic":false}