{"cameraMode":{"drawMode":0,"name":"Shaded","section":"Shading Mode"},"sceneLighting":true,"audioPlay":false,"sceneViewState":{"showFog":true,"showMaterialUpdate":false,"showSkybox":true,"showFlares":false,"showImageEffects":true,"showParticleSystems":true},"in2DMode":false,"pivot":{"x":69.45767211914063,"y":-12.916929244995118,"z":-74.15625762939453},"rotation":{"x":0.1919516623020172,"y":0.7331376075744629,"z":-0.23072023689746858,"w":0.6103693246841431},"size":112.5058822631836,"orthographic":false}