{"cameraMode":{"drawMode":0,"name":"Shaded","section":"Shading Mode"},"sceneLighting":true,"audioPlay":false,"sceneViewState":{"showFog":true,"showMaterialUpdate":false,"showSkybox":true,"showFlares":false,"showImageEffects":true,"showParticleSystems":true},"in2DMode":false,"pivot":{"x":19.20427894592285,"y":3.025425910949707,"z":-23.674114227294923},"rotation":{"x":0.07989246398210526,"y":0.9190282225608826,"z":-0.29521089792251589,"w":0.2487187534570694},"size":13.371185302734375,"orthographic":false}