{"cameraMode":{"drawMode":0,"name":"Shaded","section":"Shading Mode"},"sceneLighting":true,"audioPlay":false,"sceneViewState":{"showFog":true,"showMaterialUpdate":false,"showSkybox":true,"showFlares":false,"showImageEffects":true,"showParticleSystems":true},"in2DMode":false,"pivot":{"x":104.89341735839844,"y":10.927851676940918,"z":-106.88296508789063},"rotation":{"x":-0.011576400138437748,"y":0.9783254265785217,"z":0.06007327884435654,"w":0.19961099326610566},"size":10.581695556640625,"orthographic":false}