{"cameraMode":{"drawMode":0,"name":"Shaded","section":"Shading Mode"},"sceneLighting":true,"audioPlay":false,"sceneViewState":{"showFog":true,"showMaterialUpdate":false,"showSkybox":true,"showFlares":false,"showImageEffects":true,"showParticleSystems":true},"in2DMode":false,"pivot":{"x":41.95491409301758,"y":1.7865105867385865,"z":-131.22813415527345},"rotation":{"x":0.008147313259541989,"y":0.9901871681213379,"z":-0.06576193869113922,"w":0.12366286665201187},"size":84.132080078125,"orthographic":false}