{"cameraMode":{"drawMode":0,"name":"Shaded","section":"Shading Mode"},"sceneLighting":true,"audioPlay":false,"sceneViewState":{"showFog":true,"showMaterialUpdate":false,"showSkybox":true,"showFlares":false,"showImageEffects":true,"showParticleSystems":true},"in2DMode":false,"pivot":{"x":14.417586326599121,"y":1.3911747932434083,"z":-12.379899978637696},"rotation":{"x":0.06411825865507126,"y":0.9221245050430298,"z":-0.3395395874977112,"w":0.17410537600517274},"size":5.54191255569458,"orthographic":false}