{"cameraMode":{"drawMode":0,"name":"Shaded","section":"Shading Mode"},"sceneLighting":true,"audioPlay":false,"sceneViewState":{"showFog":true,"showMaterialUpdate":false,"showSkybox":true,"showFlares":false,"showImageEffects":true,"showParticleSystems":true},"in2DMode":false,"pivot":{"x":21.747486114501954,"y":17.139108657836915,"z":-50.279518127441409},"rotation":{"x":-0.08883274346590042,"y":0.8911872506141663,"z":-0.1986093968153,"w":-0.3982379734516144},"size":43.094581604003909,"orthographic":false}