{"cameraMode":{"drawMode":0,"name":"Shaded","section":"Shading Mode"},"sceneLighting":true,"audioPlay":false,"sceneViewState":{"showFog":true,"showMaterialUpdate":false,"showSkybox":true,"showFlares":false,"showImageEffects":true,"showParticleSystems":true},"in2DMode":false,"pivot":{"x":120.57462310791016,"y":14.208666801452637,"z":-184.03213500976563},"rotation":{"x":0.027543727308511735,"y":0.9403595328330994,"z":-0.014671746641397477,"w":-0.3428472876548767},"size":26.10692024230957,"orthographic":false}