{"cameraMode":{"drawMode":0,"name":"Shaded","section":"Shading Mode"},"sceneLighting":true,"audioPlay":false,"sceneViewState":{"showFog":true,"showMaterialUpdate":false,"showSkybox":true,"showFlares":false,"showImageEffects":true,"showParticleSystems":true},"in2DMode":false,"pivot":{"x":105.90719604492188,"y":3.6276350021362306,"z":-90.63624572753906},"rotation":{"x":-0.02738974057137966,"y":0.824990451335907,"z":-0.039777353405952457,"w":-0.5632820129394531},"size":21.030813217163087,"orthographic":false}