{"cameraMode":{"drawMode":0,"name":"Shaded","section":"Shading Mode"},"sceneLighting":true,"audioPlay":false,"sceneViewState":{"showFog":true,"showMaterialUpdate":false,"showSkybox":true,"showFlares":false,"showImageEffects":true,"showParticleSystems":true},"in2DMode":false,"pivot":{"x":19.20427894592285,"y":3.025425910949707,"z":-23.674114227294923},"rotation":{"x":0.1550084799528122,"y":0.7019354701042175,"z":-0.1608850657939911,"w":0.6763011813163757},"size":18.071727752685548,"orthographic":false}