{"cameraMode":{"drawMode":0,"name":"Shaded","section":"Shading Mode"},"sceneLighting":true,"audioPlay":false,"sceneViewState":{"showFog":true,"showMaterialUpdate":false,"showSkybox":true,"showFlares":false,"showImageEffects":true,"showParticleSystems":true},"in2DMode":false,"pivot":{"x":145.74188232421876,"y":12.737071990966797,"z":-156.4662628173828},"rotation":{"x":0.17077957093715669,"y":-0.26492413878440859,"z":0.0960858166217804,"w":0.9457343220710754},"size":88.97882080078125,"orthographic":false}