{"cameraMode":{"drawMode":0,"name":"Shaded","section":"Shading Mode"},"sceneLighting":true,"audioPlay":false,"sceneViewState":{"showFog":true,"showMaterialUpdate":false,"showSkybox":true,"showFlares":false,"showImageEffects":true,"showParticleSystems":true},"in2DMode":false,"pivot":{"x":101.34970092773438,"y":-6.474363803863525,"z":-178.9331817626953},"rotation":{"x":0.06480534374713898,"y":-0.9227670431137085,"z":0.32827019691467287,"w":0.1962016373872757},"size":8.668452262878418,"orthographic":false}