{"cameraMode":{"drawMode":0,"name":"Shaded","section":"Shading Mode"},"sceneLighting":false,"audioPlay":false,"sceneViewState":{"showFog":true,"showMaterialUpdate":false,"showSkybox":false,"showFlares":false,"showImageEffects":true,"showParticleSystems":true},"in2DMode":false,"pivot":{"x":172.42691040039063,"y":215.72193908691407,"z":140.20355224609376},"rotation":{"x":-0.248027041554451,"y":-0.7717529535293579,"z":0.44121769070625307,"w":-0.3880058228969574},"size":323.7799377441406,"orthographic":false}