{"cameraMode":{"drawMode":0,"name":"Shaded","section":"Shading Mode"},"sceneLighting":true,"audioPlay":false,"sceneViewState":{"showFog":true,"showMaterialUpdate":false,"showSkybox":true,"showFlares":false,"showImageEffects":true,"showParticleSystems":true},"in2DMode":false,"pivot":{"x":19.20427894592285,"y":11.928837776184082,"z":-56.34000015258789},"rotation":{"x":0.14074617624282838,"y":-0.7735726833343506,"z":0.1846473515033722,"w":0.5896517634391785},"size":71.01182556152344,"orthographic":false}