{"cameraMode":{"drawMode":0,"name":"Shaded","section":"Shading Mode"},"sceneLighting":true,"audioPlay":false,"sceneViewState":{"showFog":true,"showMaterialUpdate":false,"showSkybox":true,"showFlares":false,"showImageEffects":true,"showParticleSystems":true},"in2DMode":false,"pivot":{"x":36.367149353027347,"y":12.93799114227295,"z":-19.25309944152832},"rotation":{"x":-0.016834154725074769,"y":0.9777520895004273,"z":-0.19038410484790803,"w":-0.08646095544099808},"size":17.084232330322267,"orthographic":false}