{"cameraMode":{"drawMode":0,"name":"Shaded","section":"Shading Mode"},"sceneLighting":true,"audioPlay":false,"sceneViewState":{"showFog":true,"showMaterialUpdate":false,"showSkybox":true,"showFlares":false,"showImageEffects":true,"showParticleSystems":true},"in2DMode":false,"pivot":{"x":86.18557739257813,"y":-35.33192443847656,"z":-97.7166976928711},"rotation":{"x":0.22392576932907105,"y":0.71966552734375,"z":-0.2686755061149597,"w":0.5997980833053589},"size":108.27098083496094,"orthographic":false}